transactionTime,product,MRR
2018-01,BUSINESS,82572.89547213947
2018-01,GURU,424370.94425954594
2018-01,PRO,112713.22175574824
2018-02,BUSINESS,89204.17543479838
2018-02,GURU,420398.58217033703
2018-02,PRO,114882.96899612702
2018-03,BUSINESS,93711.7338869142
2018-03,GURU,444970.68450359633
2018-03,PRO,127532.7106783788
